benchmark,config,frontend_ms,ir_lower_ms,ssa_ms,opt_ms,ipa_ms,pgo_ms,regalloc_ms,codegen_ms,elf_gen_ms,link_ms,total_compile_ms
bench_arith,Native_O0,0.294,0.042,0.000,0.000,0.000,0.000,0.018,0.054,0.149,0.096,8.671
bench_arith,Native_O1,0.179,0.040,0.099,0.007,0.000,0.000,0.037,0.085,0.179,0.111,9.157
bench_arith,Native_O2,0.235,0.039,0.091,0.007,0.049,0.000,0.021,0.041,0.125,0.154,10.239
bench_arith,Native_PGO,0.158,0.034,0.087,0.006,0.047,0.060,0.026,0.063,0.175,0.162,11.172
bench_float,Native_O0,0.202,0.039,0.000,0.000,0.000,0.000,0.022,0.081,0.141,0.098,11.889
bench_float,Native_O1,0.266,0.065,0.095,0.014,0.000,0.000,0.025,0.068,0.160,0.143,10.295
bench_float,Native_O2,0.205,0.033,0.121,0.007,0.065,0.000,0.022,0.045,0.141,0.134,9.988
bench_float,Native_PGO,0.165,0.037,0.116,0.007,0.062,0.061,0.043,0.095,0.209,0.102,9.561
bench_float_expr,Native_O0,0.220,0.041,0.000,0.000,0.000,0.000,0.025,0.083,0.150,0.088,8.772
bench_float_expr,Native_O1,0.217,0.051,0.118,0.012,0.000,0.000,0.055,0.163,0.195,0.096,10.152
bench_float_expr,Native_O2,0.301,0.090,0.274,0.021,0.147,0.000,0.060,0.151,0.285,0.092,10.208
bench_float_expr,Native_PGO,0.178,0.046,0.131,0.010,0.070,0.070,0.033,0.084,0.189,0.136,11.335
bench_loop,Native_O0,0.182,0.039,0.000,0.000,0.000,0.000,0.031,0.109,0.207,0.148,9.197
bench_loop,Native_O1,0.180,0.038,0.120,0.008,0.000,0.000,0.049,0.101,0.185,0.108,9.668
bench_loop,Native_O2,0.193,0.040,0.121,0.007,0.065,0.000,0.052,0.078,0.211,0.096,9.371
bench_loop,Native_PGO,0.173,0.038,0.130,0.008,0.070,0.065,0.048,0.093,0.193,0.143,9.062
bench_fib,Native_O0,0.177,0.032,0.000,0.000,0.000,0.000,0.033,0.049,0.206,0.127,11.721
bench_fib,Native_O1,0.252,0.033,0.045,0.005,0.000,0.000,0.012,0.041,0.156,0.147,9.047
bench_fib,Native_O2,0.155,0.026,0.028,0.005,0.015,0.000,0.019,0.087,0.194,0.090,9.152
bench_fib,Native_PGO,0.128,0.024,0.028,0.005,0.015,0.051,0.019,0.086,0.196,0.156,8.761
bench_call,Native_O0,0.215,0.042,0.000,0.000,0.000,0.000,0.044,0.156,0.286,0.184,9.917
bench_call,Native_O1,0.186,0.045,0.093,0.009,0.000,0.000,0.055,0.150,0.227,0.104,9.382
bench_call,Native_O2,0.351,0.077,0.393,0.008,0.211,0.000,0.028,0.047,0.143,0.140,9.486
bench_call,Native_PGO,0.184,0.041,0.148,0.008,0.080,0.066,0.051,0.109,0.191,0.274,9.754
bench_branch,Native_O0,0.250,0.051,0.000,0.000,0.000,0.000,0.045,0.081,0.182,0.099,11.366
bench_branch,Native_O1,0.220,0.045,0.277,0.010,0.000,0.000,0.057,0.056,0.149,0.116,10.454
bench_branch,Native_O2,0.218,0.043,0.182,0.011,0.098,0.000,0.108,0.127,0.196,0.110,10.757
bench_branch,Native_PGO,0.183,0.051,0.334,0.011,0.180,0.119,0.080,0.112,0.203,0.150,10.377
bench_mandelbrot,Native_O0,0.317,0.062,0.000,0.000,0.000,0.000,0.086,0.237,0.197,0.137,9.998
bench_mandelbrot,Native_O1,0.451,0.055,0.454,0.020,0.000,0.000,0.256,0.208,0.196,0.145,11.284
bench_mandelbrot,Native_O2,0.312,0.069,0.397,0.021,0.214,0.000,0.144,0.107,0.223,0.116,11.756
bench_mandelbrot,Native_PGO,0.311,0.060,0.312,0.020,0.168,0.153,0.138,0.106,0.215,0.204,12.502
bench_hot_cold,Native_O0,0.214,0.041,0.000,0.000,0.000,0.000,0.052,0.120,0.151,0.090,9.694
bench_hot_cold,Native_O1,0.224,0.050,0.195,0.011,0.000,0.000,0.084,0.138,0.184,0.139,9.375
bench_hot_cold,Native_O2,0.379,0.058,0.249,0.011,0.134,0.000,0.103,0.111,0.195,0.148,9.903
bench_hot_cold,Native_PGO,0.172,0.048,0.264,0.011,0.142,0.070,0.093,0.130,0.260,0.158,12.390
bench_regpressure,Native_O0,0.262,0.058,0.000,0.000,0.000,0.000,0.098,0.193,0.320,0.144,11.411
bench_regpressure,Native_O1,0.262,0.067,0.186,0.013,0.000,0.000,0.047,0.073,0.171,0.148,10.799
bench_regpressure,Native_O2,0.262,0.062,0.135,0.013,0.072,0.000,0.059,0.076,0.146,0.093,10.223
bench_regpressure,Native_PGO,0.227,0.068,0.184,0.013,0.099,0.067,0.032,0.082,0.142,0.127,9.456
bench_mixed_pressure,Native_O0,0.340,0.072,0.000,0.000,0.000,0.000,0.049,0.124,0.232,0.087,9.310
bench_mixed_pressure,Native_O1,0.349,0.077,0.362,0.016,0.000,0.000,0.127,0.192,0.193,0.250,10.430
bench_mixed_pressure,Native_O2,0.316,0.065,0.203,0.015,0.110,0.000,0.093,0.131,0.159,0.154,9.784
bench_mixed_pressure,Native_PGO,0.291,0.068,0.204,0.015,0.110,0.054,0.061,0.102,0.132,0.125,9.435
bench_nested_call,Native_O0,0.224,0.054,0.000,0.000,0.000,0.000,0.026,0.089,0.138,0.103,10.060
bench_nested_call,Native_O1,0.266,0.058,0.090,0.016,0.000,0.000,0.046,0.126,0.225,0.196,15.271
bench_nested_call,Native_O2,0.246,0.062,2.681,0.018,1.444,0.000,0.280,0.095,0.128,0.151,14.516
bench_nested_call,Native_PGO,0.199,0.054,2.575,0.017,1.387,0.083,0.183,0.177,0.184,0.142,13.528
