benchmark,config,total_bytes,text_bytes,rodata_bytes,data_bytes
bench_arith,Ref_C11,16008,459,9,16
bench_arith,Native_O0,8232,1019,40,0
bench_arith,Native_O1,8232,875,40,0
bench_arith,Native_O2,8232,795,40,0
bench_arith,Native_PGO,8232,795,40,0
bench_float,Ref_C11,16008,569,72,16
bench_float,Native_O0,8288,1211,96,0
bench_float,Native_O1,8288,1067,96,0
bench_float,Native_O2,8288,955,96,0
bench_float,Native_PGO,8288,971,96,0
bench_float_expr,Ref_C11,16088,1209,56,16
bench_float_expr,Native_O0,8288,1595,96,0
bench_float_expr,Native_O1,8288,1451,96,0
bench_float_expr,Native_O2,8288,1339,96,0
bench_float_expr,Native_PGO,8288,1355,96,0
bench_loop,Ref_C11,16000,571,9,16
bench_loop,Native_O0,8232,1019,40,0
bench_loop,Native_O1,8232,939,40,0
bench_loop,Native_O2,8232,843,40,0
bench_loop,Native_PGO,8232,843,40,0
bench_fib,Ref_C11,16000,1242,9,16
bench_fib,Native_O0,8232,891,40,0
bench_fib,Native_O1,8232,875,40,0
bench_fib,Native_O2,8232,875,40,0
bench_fib,Native_PGO,8232,875,40,0
bench_call,Ref_C11,16072,579,9,16
bench_call,Native_O0,8232,1227,40,0
bench_call,Native_O1,8232,1115,40,0
bench_call,Native_O2,8232,875,40,0
bench_call,Native_PGO,8232,939,40,0
bench_branch,Ref_C11,16008,603,9,16
bench_branch,Native_O0,8232,1211,40,0
bench_branch,Native_O1,8232,1083,40,0
bench_branch,Native_O2,8232,1083,40,0
bench_branch,Native_PGO,8232,1003,40,0
bench_mandelbrot,Ref_C11,16016,607,56,16
bench_mandelbrot,Native_O0,8296,1675,104,0
bench_mandelbrot,Native_O1,8288,1771,96,0
bench_mandelbrot,Native_O2,8288,1771,96,0
bench_mandelbrot,Native_PGO,8288,1867,96,0
bench_hot_cold,Ref_C11,16016,465,9,16
bench_hot_cold,Native_O0,8232,1195,40,0
bench_hot_cold,Native_O1,8232,1099,40,0
bench_hot_cold,Native_O2,8232,1019,40,0
bench_hot_cold,Native_PGO,8232,1019,40,0
bench_regpressure,Ref_C11,16016,752,9,16
bench_regpressure,Native_O0,8232,1563,40,0
bench_regpressure,Native_O1,8232,1387,40,0
bench_regpressure,Native_O2,8232,1387,40,0
bench_regpressure,Native_PGO,8232,1323,40,0
bench_mixed_pressure,Ref_C11,16016,965,136,16
bench_mixed_pressure,Native_O0,8368,2219,176,0
bench_mixed_pressure,Native_O1,8368,1707,176,0
bench_mixed_pressure,Native_O2,8368,1707,176,0
bench_mixed_pressure,Native_PGO,8368,1707,176,0
bench_nested_call,Ref_C11,16104,669,9,16
bench_nested_call,Native_O0,8232,1595,40,0
bench_nested_call,Native_O1,8232,1451,40,0
bench_nested_call,Native_O2,8232,1339,40,0
bench_nested_call,Native_PGO,8232,1275,40,0
