benchmark,configuration,median_ms,min_ms,max_ms,mean_ms,stddev_ms,output_parity
bench_arith,Ref_C11,11.241,11.022,12.992,11.439,0.580,PASS
bench_arith,Native_O0,34.318,25.430,38.217,32.621,5.963,PASS
bench_arith,Native_O1,17.999,17.450,18.294,17.962,0.263,PASS
bench_arith,Native_O2,17.492,17.326,18.124,17.674,0.318,PASS
bench_arith,Native_PGO,17.984,17.426,18.333,17.901,0.299,PASS
bench_float,Ref_C11,14.942,14.614,15.451,14.936,0.232,PASS
bench_float,Native_O0,21.505,21.023,24.617,21.850,1.053,PASS
bench_float,Native_O1,14.567,14.066,20.120,15.210,1.798,PASS
bench_float,Native_O2,14.451,14.214,15.006,14.527,0.296,PASS
bench_float,Native_PGO,14.629,14.337,15.298,14.694,0.262,PASS
bench_float_expr,Ref_C11,1.419,1.188,1.732,1.469,0.210,PASS
bench_float_expr,Native_O0,15.173,14.791,21.401,15.979,2.055,PASS
bench_float_expr,Native_O1,14.261,13.755,15.716,14.410,0.654,PASS
bench_float_expr,Native_O2,13.973,13.408,14.208,13.868,0.280,PASS
bench_float_expr,Native_PGO,13.946,13.420,14.178,13.921,0.219,PASS
bench_loop,Ref_C11,30.913,30.609,32.588,31.088,0.560,PASS
bench_loop,Native_O0,35.222,34.897,36.211,35.284,0.398,PASS
bench_loop,Native_O1,35.443,34.766,36.568,35.470,0.480,PASS
bench_loop,Native_O2,35.502,34.983,37.106,35.696,0.662,PASS
bench_loop,Native_PGO,35.173,34.925,36.749,35.326,0.545,PASS
bench_fib,Ref_C11,5.646,4.651,9.053,6.123,1.543,PASS
bench_fib,Native_O0,22.016,21.865,22.729,22.123,0.280,PASS
bench_fib,Native_O1,24.340,23.821,25.164,24.303,0.408,PASS
bench_fib,Native_O2,24.000,23.777,24.350,24.053,0.214,PASS
bench_fib,Native_PGO,24.249,23.825,24.768,24.291,0.315,PASS
bench_call,Ref_C11,7.191,6.815,7.628,7.201,0.286,PASS
bench_call,Native_O0,15.898,15.436,16.504,15.873,0.310,PASS
bench_call,Native_O1,14.520,14.253,14.934,14.548,0.280,PASS
bench_call,Native_O2,7.877,7.469,8.274,7.877,0.236,PASS
bench_call,Native_PGO,7.752,7.491,8.269,7.791,0.259,PASS
bench_branch,Ref_C11,7.028,6.635,7.316,7.048,0.233,PASS
bench_branch,Native_O0,18.826,18.422,19.335,18.824,0.306,PASS
bench_branch,Native_O1,18.991,18.338,19.258,18.870,0.310,PASS
bench_branch,Native_O2,18.758,18.299,21.233,18.974,0.835,PASS
bench_branch,Native_PGO,18.678,18.505,20.162,18.948,0.543,PASS
bench_mandelbrot,Ref_C11,8.798,8.418,8.989,8.759,0.203,PASS
bench_mandelbrot,Native_O0,25.595,24.973,27.467,25.685,0.712,PASS
bench_mandelbrot,Native_O1,23.542,23.035,23.775,23.470,0.271,PASS
bench_mandelbrot,Native_O2,23.830,23.133,25.295,23.875,0.699,PASS
bench_mandelbrot,Native_PGO,26.453,26.052,29.894,26.788,1.143,PASS
bench_hot_cold,Ref_C11,2.879,2.510,3.354,2.907,0.244,PASS
bench_hot_cold,Native_O0,9.058,8.731,9.544,9.083,0.231,PASS
bench_hot_cold,Native_O1,9.025,8.798,9.518,9.070,0.234,PASS
bench_hot_cold,Native_O2,9.063,8.546,9.636,9.100,0.300,PASS
bench_hot_cold,Native_PGO,9.010,8.763,9.559,9.047,0.206,PASS
bench_regpressure,Ref_C11,4.219,3.937,4.624,4.253,0.231,PASS
bench_regpressure,Native_O0,11.033,10.464,11.938,11.023,0.422,PASS
bench_regpressure,Native_O1,9.081,8.810,9.494,9.098,0.214,PASS
bench_regpressure,Native_O2,9.030,8.712,9.746,9.087,0.273,PASS
bench_regpressure,Native_PGO,7.940,7.524,8.801,8.018,0.427,PASS
bench_mixed_pressure,Ref_C11,3.062,2.813,3.684,3.115,0.244,PASS
bench_mixed_pressure,Native_O0,8.951,8.820,19.068,10.033,3.180,PASS
bench_mixed_pressure,Native_O1,7.278,7.039,7.427,7.245,0.150,PASS
bench_mixed_pressure,Native_O2,7.215,6.897,7.854,7.324,0.377,PASS
bench_mixed_pressure,Native_PGO,7.190,6.905,7.753,7.246,0.265,PASS
bench_nested_call,Ref_C11,2.173,2.019,2.606,2.236,0.199,PASS
bench_nested_call,Native_O0,18.591,18.287,20.940,18.809,0.774,PASS
bench_nested_call,Native_O1,18.723,18.266,19.047,18.713,0.211,PASS
bench_nested_call,Native_O2,6.969,6.572,7.198,6.914,0.182,PASS
bench_nested_call,Native_PGO,7.130,6.889,7.843,7.231,0.287,PASS
