benchmark,o2_median_ms,pgo_median_ms,speedup_pct,hot_blocks,cold_blocks,classification
bench_arith,17.49,17.98,-2.81,0,6,approximately unchanged
bench_float,14.45,14.63,-1.23,0,9,approximately unchanged
bench_float_expr,13.97,13.95,0.19,5,9,approximately unchanged
bench_loop,35.50,35.17,0.93,0,9,approximately unchanged
bench_fib,24.00,24.25,-1.03,3,1,approximately unchanged
bench_call,7.88,7.75,1.58,2,11,approximately unchanged
bench_branch,18.76,18.68,0.43,0,17,approximately unchanged
bench_mandelbrot,23.83,26.45,-11.01,10,10,regressed
bench_hot_cold,9.06,9.01,0.58,2,13,approximately unchanged
bench_regpressure,9.03,7.94,12.07,2,4,improved
bench_mixed_pressure,7.22,7.19,0.35,4,3,approximately unchanged
bench_nested_call,6.97,7.13,-2.31,2,32,approximately unchanged
