benchmark,configuration,run_index,elapsed_ms,output_match
bench_arith,Ref_C11,1,11.2173,YES
bench_arith,Ref_C11,2,11.2310,YES
bench_arith,Ref_C11,3,11.0216,YES
bench_arith,Ref_C11,4,11.4197,YES
bench_arith,Ref_C11,5,11.0980,YES
bench_arith,Ref_C11,6,12.9916,YES
bench_arith,Ref_C11,7,11.6785,YES
bench_arith,Ref_C11,8,11.0652,YES
bench_arith,Ref_C11,9,11.4144,YES
bench_arith,Ref_C11,10,11.2507,YES
bench_arith,Native_O0,1,38.1315,YES
bench_arith,Native_O0,2,38.1204,YES
bench_arith,Native_O0,3,38.0719,YES
bench_arith,Native_O0,4,38.0542,YES
bench_arith,Native_O0,5,38.2167,YES
bench_arith,Native_O0,6,30.5819,YES
bench_arith,Native_O0,7,27.6140,YES
bench_arith,Native_O0,8,25.4299,YES
bench_arith,Native_O0,9,25.7853,YES
bench_arith,Native_O0,10,26.2021,YES
bench_arith,Native_O1,1,17.8486,YES
bench_arith,Native_O1,2,17.9760,YES
bench_arith,Native_O1,3,18.2414,YES
bench_arith,Native_O1,4,18.1415,YES
bench_arith,Native_O1,5,17.4501,YES
bench_arith,Native_O1,6,18.2944,YES
bench_arith,Native_O1,7,17.7444,YES
bench_arith,Native_O1,8,18.0218,YES
bench_arith,Native_O1,9,18.1457,YES
bench_arith,Native_O1,10,17.7579,YES
bench_arith,Native_O2,1,17.4023,YES
bench_arith,Native_O2,2,17.3258,YES
bench_arith,Native_O2,3,17.5240,YES
bench_arith,Native_O2,4,18.1236,YES
bench_arith,Native_O2,5,18.0249,YES
bench_arith,Native_O2,6,17.4279,YES
bench_arith,Native_O2,7,17.4548,YES
bench_arith,Native_O2,8,17.4606,YES
bench_arith,Native_O2,9,18.0344,YES
bench_arith,Native_O2,10,17.9618,YES
bench_arith,Native_PGO,1,17.5769,YES
bench_arith,Native_PGO,2,17.9844,YES
bench_arith,Native_PGO,3,17.8675,YES
bench_arith,Native_PGO,4,18.0940,YES
bench_arith,Native_PGO,5,18.3334,YES
bench_arith,Native_PGO,6,17.5425,YES
bench_arith,Native_PGO,7,17.9831,YES
bench_arith,Native_PGO,8,17.9950,YES
bench_arith,Native_PGO,9,17.4256,YES
bench_arith,Native_PGO,10,18.2095,YES
bench_float,Ref_C11,1,14.7588,YES
bench_float,Ref_C11,2,14.6144,YES
bench_float,Ref_C11,3,14.9799,YES
bench_float,Ref_C11,4,14.7584,YES
bench_float,Ref_C11,5,14.8068,YES
bench_float,Ref_C11,6,15.4510,YES
bench_float,Ref_C11,7,15.0859,YES
bench_float,Ref_C11,8,14.9843,YES
bench_float,Ref_C11,9,14.9046,YES
bench_float,Ref_C11,10,15.0164,YES
bench_float,Native_O0,1,21.0403,YES
bench_float,Native_O0,2,21.5797,YES
bench_float,Native_O0,3,21.3948,YES
bench_float,Native_O0,4,21.4297,YES
bench_float,Native_O0,5,22.0342,YES
bench_float,Native_O0,6,24.6172,YES
bench_float,Native_O0,7,22.3241,YES
bench_float,Native_O0,8,21.6989,YES
bench_float,Native_O0,9,21.0233,YES
bench_float,Native_O0,10,21.3602,YES
bench_float,Native_O1,1,14.0656,YES
bench_float,Native_O1,2,14.5447,YES
bench_float,Native_O1,3,14.2866,YES
bench_float,Native_O1,4,14.5888,YES
bench_float,Native_O1,5,15.9101,YES
bench_float,Native_O1,6,20.1199,YES
bench_float,Native_O1,7,14.4624,YES
bench_float,Native_O1,8,14.3887,YES
bench_float,Native_O1,9,14.7341,YES
bench_float,Native_O1,10,14.9964,YES
bench_float,Native_O2,1,14.2977,YES
bench_float,Native_O2,2,14.3941,YES
bench_float,Native_O2,3,14.2138,YES
bench_float,Native_O2,4,14.3098,YES
bench_float,Native_O2,5,14.2178,YES
bench_float,Native_O2,6,15.0061,YES
bench_float,Native_O2,7,14.9835,YES
bench_float,Native_O2,8,14.6824,YES
bench_float,Native_O2,9,14.5073,YES
bench_float,Native_O2,10,14.6562,YES
bench_float,Native_PGO,1,14.9063,YES
bench_float,Native_PGO,2,14.6482,YES
bench_float,Native_PGO,3,14.6096,YES
bench_float,Native_PGO,4,14.4981,YES
bench_float,Native_PGO,5,15.2981,YES
bench_float,Native_PGO,6,14.3373,YES
bench_float,Native_PGO,7,14.7526,YES
bench_float,Native_PGO,8,14.7338,YES
bench_float,Native_PGO,9,14.5481,YES
bench_float,Native_PGO,10,14.6102,YES
bench_float_expr,Ref_C11,1,1.4466,YES
bench_float_expr,Ref_C11,2,1.1877,YES
bench_float_expr,Ref_C11,3,1.7186,YES
bench_float_expr,Ref_C11,4,1.3449,YES
bench_float_expr,Ref_C11,5,1.6428,YES
bench_float_expr,Ref_C11,6,1.2626,YES
bench_float_expr,Ref_C11,7,1.7317,YES
bench_float_expr,Ref_C11,8,1.3915,YES
bench_float_expr,Ref_C11,9,1.6984,YES
bench_float_expr,Ref_C11,10,1.2674,YES
bench_float_expr,Native_O0,1,21.4006,YES
bench_float_expr,Native_O0,2,17.4172,YES
bench_float_expr,Native_O0,3,14.8884,YES
bench_float_expr,Native_O0,4,15.0329,YES
bench_float_expr,Native_O0,5,14.7912,YES
bench_float_expr,Native_O0,6,14.9109,YES
bench_float_expr,Native_O0,7,15.4033,YES
bench_float_expr,Native_O0,8,15.6779,YES
bench_float_expr,Native_O0,9,15.3130,YES
bench_float_expr,Native_O0,10,14.9553,YES
bench_float_expr,Native_O1,1,13.7547,YES
bench_float_expr,Native_O1,2,15.2995,YES
bench_float_expr,Native_O1,3,14.4909,YES
bench_float_expr,Native_O1,4,13.9120,YES
bench_float_expr,Native_O1,5,13.7668,YES
bench_float_expr,Native_O1,6,14.2190,YES
bench_float_expr,Native_O1,7,14.3022,YES
bench_float_expr,Native_O1,8,15.7158,YES
bench_float_expr,Native_O1,9,14.0048,YES
bench_float_expr,Native_O1,10,14.6298,YES
bench_float_expr,Native_O2,1,13.5983,YES
bench_float_expr,Native_O2,2,13.9606,YES
bench_float_expr,Native_O2,3,13.4850,YES
bench_float_expr,Native_O2,4,13.8134,YES
bench_float_expr,Native_O2,5,13.4078,YES
bench_float_expr,Native_O2,6,14.0763,YES
bench_float_expr,Native_O2,7,14.0161,YES
bench_float_expr,Native_O2,8,13.9849,YES
bench_float_expr,Native_O2,9,14.2079,YES
bench_float_expr,Native_O2,10,14.1323,YES
bench_float_expr,Native_PGO,1,13.4200,YES
bench_float_expr,Native_PGO,2,13.9252,YES
bench_float_expr,Native_PGO,3,13.9669,YES
bench_float_expr,Native_PGO,4,14.1781,YES
bench_float_expr,Native_PGO,5,14.1531,YES
bench_float_expr,Native_PGO,6,14.0855,YES
bench_float_expr,Native_PGO,7,13.7992,YES
bench_float_expr,Native_PGO,8,13.8045,YES
bench_float_expr,Native_PGO,9,13.9039,YES
bench_float_expr,Native_PGO,10,13.9737,YES
bench_loop,Ref_C11,1,32.5884,YES
bench_loop,Ref_C11,2,30.6087,YES
bench_loop,Ref_C11,3,30.8138,YES
bench_loop,Ref_C11,4,30.9583,YES
bench_loop,Ref_C11,5,31.2664,YES
bench_loop,Ref_C11,6,30.8113,YES
bench_loop,Ref_C11,7,31.1030,YES
bench_loop,Ref_C11,8,31.0763,YES
bench_loop,Ref_C11,9,30.7809,YES
bench_loop,Ref_C11,10,30.8685,YES
bench_loop,Native_O0,1,34.8969,YES
bench_loop,Native_O0,2,34.9756,YES
bench_loop,Native_O0,3,35.4242,YES
bench_loop,Native_O0,4,35.3303,YES
bench_loop,Native_O0,5,35.4100,YES
bench_loop,Native_O0,6,36.2109,YES
bench_loop,Native_O0,7,35.5291,YES
bench_loop,Native_O0,8,35.1130,YES
bench_loop,Native_O0,9,34.9631,YES
bench_loop,Native_O0,10,34.9829,YES
bench_loop,Native_O1,1,35.0052,YES
bench_loop,Native_O1,2,34.7658,YES
bench_loop,Native_O1,3,35.3263,YES
bench_loop,Native_O1,4,35.3052,YES
bench_loop,Native_O1,5,35.5744,YES
bench_loop,Native_O1,6,35.4846,YES
bench_loop,Native_O1,7,35.4040,YES
bench_loop,Native_O1,8,35.7807,YES
bench_loop,Native_O1,9,36.5680,YES
bench_loop,Native_O1,10,35.4812,YES
bench_loop,Native_O2,1,35.4763,YES
bench_loop,Native_O2,2,35.2329,YES
bench_loop,Native_O2,3,35.3553,YES
bench_loop,Native_O2,4,35.5277,YES
bench_loop,Native_O2,5,35.1626,YES
bench_loop,Native_O2,6,36.5468,YES
bench_loop,Native_O2,7,37.1057,YES
bench_loop,Native_O2,8,34.9832,YES
bench_loop,Native_O2,9,35.8816,YES
bench_loop,Native_O2,10,35.6834,YES
bench_loop,Native_PGO,1,35.1339,YES
bench_loop,Native_PGO,2,34.9400,YES
bench_loop,Native_PGO,3,35.5734,YES
bench_loop,Native_PGO,4,35.0171,YES
bench_loop,Native_PGO,5,35.2391,YES
bench_loop,Native_PGO,6,36.7487,YES
bench_loop,Native_PGO,7,34.9250,YES
bench_loop,Native_PGO,8,35.0029,YES
bench_loop,Native_PGO,9,35.2122,YES
bench_loop,Native_PGO,10,35.4634,YES
bench_fib,Ref_C11,1,4.8016,YES
bench_fib,Ref_C11,2,4.8537,YES
bench_fib,Ref_C11,3,5.0097,YES
bench_fib,Ref_C11,4,4.6508,YES
bench_fib,Ref_C11,5,5.7832,YES
bench_fib,Ref_C11,6,5.5096,YES
bench_fib,Ref_C11,7,7.1800,YES
bench_fib,Ref_C11,8,8.2367,YES
bench_fib,Ref_C11,9,9.0531,YES
bench_fib,Ref_C11,10,6.1477,YES
bench_fib,Native_O0,1,22.0068,YES
bench_fib,Native_O0,2,22.0257,YES
bench_fib,Native_O0,3,22.7286,YES
bench_fib,Native_O0,4,22.2961,YES
bench_fib,Native_O0,5,21.9709,YES
bench_fib,Native_O0,6,22.4242,YES
bench_fib,Native_O0,7,21.9051,YES
bench_fib,Native_O0,8,22.1324,YES
bench_fib,Native_O0,9,21.8792,YES
bench_fib,Native_O0,10,21.8648,YES
bench_fib,Native_O1,1,24.4859,YES
bench_fib,Native_O1,2,23.8627,YES
bench_fib,Native_O1,3,23.8209,YES
bench_fib,Native_O1,4,25.1635,YES
bench_fib,Native_O1,5,23.9162,YES
bench_fib,Native_O1,6,24.2935,YES
bench_fib,Native_O1,7,24.0926,YES
bench_fib,Native_O1,8,24.3863,YES
bench_fib,Native_O1,9,24.4037,YES
bench_fib,Native_O1,10,24.6033,YES
bench_fib,Native_O2,1,24.0055,YES
bench_fib,Native_O2,2,24.3504,YES
bench_fib,Native_O2,3,24.2435,YES
bench_fib,Native_O2,4,23.8149,YES
bench_fib,Native_O2,5,24.3283,YES
bench_fib,Native_O2,6,23.9953,YES
bench_fib,Native_O2,7,23.9360,YES
bench_fib,Native_O2,8,23.7768,YES
bench_fib,Native_O2,9,23.8714,YES
bench_fib,Native_O2,10,24.2116,YES
bench_fib,Native_PGO,1,24.2449,YES
bench_fib,Native_PGO,2,24.3065,YES
bench_fib,Native_PGO,3,24.0739,YES
bench_fib,Native_PGO,4,23.8253,YES
bench_fib,Native_PGO,5,24.6349,YES
bench_fib,Native_PGO,6,24.6962,YES
bench_fib,Native_PGO,7,24.1034,YES
bench_fib,Native_PGO,8,24.0029,YES
bench_fib,Native_PGO,9,24.2522,YES
bench_fib,Native_PGO,10,24.7678,YES
bench_call,Ref_C11,1,7.0358,YES
bench_call,Ref_C11,2,6.9469,YES
bench_call,Ref_C11,3,6.8789,YES
bench_call,Ref_C11,4,7.6279,YES
bench_call,Ref_C11,5,7.1521,YES
bench_call,Ref_C11,6,7.5809,YES
bench_call,Ref_C11,7,6.8155,YES
bench_call,Ref_C11,8,7.3232,YES
bench_call,Ref_C11,9,7.4218,YES
bench_call,Ref_C11,10,7.2291,YES
bench_call,Native_O0,1,15.5988,YES
bench_call,Native_O0,2,15.4355,YES
bench_call,Native_O0,3,15.5989,YES
bench_call,Native_O0,4,15.8070,YES
bench_call,Native_O0,5,15.7013,YES
bench_call,Native_O0,6,16.5043,YES
bench_call,Native_O0,7,16.0608,YES
bench_call,Native_O0,8,16.0112,YES
bench_call,Native_O0,9,16.0194,YES
bench_call,Native_O0,10,15.9897,YES
bench_call,Native_O1,1,14.9336,YES
bench_call,Native_O1,2,14.4176,YES
bench_call,Native_O1,3,14.2537,YES
bench_call,Native_O1,4,14.2530,YES
bench_call,Native_O1,5,14.3141,YES
bench_call,Native_O1,6,14.6226,YES
bench_call,Native_O1,7,14.8806,YES
bench_call,Native_O1,8,14.8587,YES
bench_call,Native_O1,9,14.2651,YES
bench_call,Native_O1,10,14.6812,YES
bench_call,Native_O2,1,7.7678,YES
bench_call,Native_O2,2,8.0407,YES
bench_call,Native_O2,3,7.8551,YES
bench_call,Native_O2,4,8.0621,YES
bench_call,Native_O2,5,8.2743,YES
bench_call,Native_O2,6,7.8986,YES
bench_call,Native_O2,7,7.4692,YES
bench_call,Native_O2,8,7.6346,YES
bench_call,Native_O2,9,8.0298,YES
bench_call,Native_O2,10,7.7386,YES
bench_call,Native_PGO,1,7.8082,YES
bench_call,Native_PGO,2,8.2685,YES
bench_call,Native_PGO,3,7.5264,YES
bench_call,Native_PGO,4,7.6519,YES
bench_call,Native_PGO,5,7.5612,YES
bench_call,Native_PGO,6,8.0986,YES
bench_call,Native_PGO,7,7.4911,YES
bench_call,Native_PGO,8,7.7368,YES
bench_call,Native_PGO,9,7.7677,YES
bench_call,Native_PGO,10,8.0040,YES
bench_branch,Ref_C11,1,6.7841,YES
bench_branch,Ref_C11,2,7.0599,YES
bench_branch,Ref_C11,3,7.3162,YES
bench_branch,Ref_C11,4,6.9970,YES
bench_branch,Ref_C11,5,6.6348,YES
bench_branch,Ref_C11,6,7.3073,YES
bench_branch,Ref_C11,7,7.2868,YES
bench_branch,Ref_C11,8,6.9603,YES
bench_branch,Ref_C11,9,7.2090,YES
bench_branch,Ref_C11,10,6.9218,YES
bench_branch,Native_O0,1,19.1316,YES
bench_branch,Native_O0,2,18.6492,YES
bench_branch,Native_O0,3,19.0789,YES
bench_branch,Native_O0,4,18.7850,YES
bench_branch,Native_O0,5,18.4318,YES
bench_branch,Native_O0,6,19.3349,YES
bench_branch,Native_O0,7,18.9526,YES
bench_branch,Native_O0,8,18.4217,YES
bench_branch,Native_O0,9,18.8676,YES
bench_branch,Native_O0,10,18.5896,YES
bench_branch,Native_O1,1,18.6318,YES
bench_branch,Native_O1,2,19.0463,YES
bench_branch,Native_O1,3,18.9475,YES
bench_branch,Native_O1,4,19.2584,YES
bench_branch,Native_O1,5,18.6917,YES
bench_branch,Native_O1,6,19.1757,YES
bench_branch,Native_O1,7,18.3383,YES
bench_branch,Native_O1,8,18.4967,YES
bench_branch,Native_O1,9,19.0345,YES
bench_branch,Native_O1,10,19.0816,YES
bench_branch,Native_O2,1,18.5444,YES
bench_branch,Native_O2,2,18.7338,YES
bench_branch,Native_O2,3,18.9331,YES
bench_branch,Native_O2,4,19.1387,YES
bench_branch,Native_O2,5,18.4015,YES
bench_branch,Native_O2,6,18.9983,YES
bench_branch,Native_O2,7,18.6780,YES
bench_branch,Native_O2,8,18.2991,YES
bench_branch,Native_O2,9,18.7824,YES
bench_branch,Native_O2,10,21.2326,YES
bench_branch,Native_PGO,1,18.5050,YES
bench_branch,Native_PGO,2,19.0284,YES
bench_branch,Native_PGO,3,18.6156,YES
bench_branch,Native_PGO,4,18.6279,YES
bench_branch,Native_PGO,5,18.6023,YES
bench_branch,Native_PGO,6,18.7273,YES
bench_branch,Native_PGO,7,18.9651,YES
bench_branch,Native_PGO,8,19.6417,YES
bench_branch,Native_PGO,9,20.1616,YES
bench_branch,Native_PGO,10,18.6099,YES
bench_mandelbrot,Ref_C11,1,8.5002,YES
bench_mandelbrot,Ref_C11,2,8.5735,YES
bench_mandelbrot,Ref_C11,3,8.7712,YES
bench_mandelbrot,Ref_C11,4,8.9894,YES
bench_mandelbrot,Ref_C11,5,8.4176,YES
bench_mandelbrot,Ref_C11,6,8.8749,YES
bench_mandelbrot,Ref_C11,7,8.9240,YES
bench_mandelbrot,Ref_C11,8,8.9888,YES
bench_mandelbrot,Ref_C11,9,8.7221,YES
bench_mandelbrot,Ref_C11,10,8.8241,YES
bench_mandelbrot,Native_O0,1,25.4700,YES
bench_mandelbrot,Native_O0,2,25.7776,YES
bench_mandelbrot,Native_O0,3,25.6394,YES
bench_mandelbrot,Native_O0,4,25.0882,YES
bench_mandelbrot,Native_O0,5,25.5505,YES
bench_mandelbrot,Native_O0,6,25.9324,YES
bench_mandelbrot,Native_O0,7,27.4669,YES
bench_mandelbrot,Native_O0,8,24.9734,YES
bench_mandelbrot,Native_O0,9,25.0916,YES
bench_mandelbrot,Native_O0,10,25.8637,YES
bench_mandelbrot,Native_O1,1,23.1626,YES
bench_mandelbrot,Native_O1,2,23.4422,YES
bench_mandelbrot,Native_O1,3,23.7390,YES
bench_mandelbrot,Native_O1,4,23.5440,YES
bench_mandelbrot,Native_O1,5,23.1432,YES
bench_mandelbrot,Native_O1,6,23.5406,YES
bench_mandelbrot,Native_O1,7,23.7753,YES
bench_mandelbrot,Native_O1,8,23.7621,YES
bench_mandelbrot,Native_O1,9,23.0346,YES
bench_mandelbrot,Native_O1,10,23.5564,YES
bench_mandelbrot,Native_O2,1,23.6712,YES
bench_mandelbrot,Native_O2,2,23.2209,YES
bench_mandelbrot,Native_O2,3,23.5448,YES
bench_mandelbrot,Native_O2,4,23.1510,YES
bench_mandelbrot,Native_O2,5,25.2954,YES
bench_mandelbrot,Native_O2,6,23.9881,YES
bench_mandelbrot,Native_O2,7,23.1327,YES
bench_mandelbrot,Native_O2,8,24.0089,YES
bench_mandelbrot,Native_O2,9,24.6897,YES
bench_mandelbrot,Native_O2,10,24.0431,YES
bench_mandelbrot,Native_PGO,1,26.0522,YES
bench_mandelbrot,Native_PGO,2,26.1299,YES
bench_mandelbrot,Native_PGO,3,26.2373,YES
bench_mandelbrot,Native_PGO,4,29.8939,YES
bench_mandelbrot,Native_PGO,5,27.1562,YES
bench_mandelbrot,Native_PGO,6,26.7641,YES
bench_mandelbrot,Native_PGO,7,26.5964,YES
bench_mandelbrot,Native_PGO,8,26.1431,YES
bench_mandelbrot,Native_PGO,9,26.3768,YES
bench_mandelbrot,Native_PGO,10,26.5293,YES
bench_hot_cold,Ref_C11,1,2.7706,YES
bench_hot_cold,Ref_C11,2,3.3537,YES
bench_hot_cold,Ref_C11,3,3.1041,YES
bench_hot_cold,Ref_C11,4,3.1230,YES
bench_hot_cold,Ref_C11,5,2.7615,YES
bench_hot_cold,Ref_C11,6,2.7060,YES
bench_hot_cold,Ref_C11,7,2.8312,YES
bench_hot_cold,Ref_C11,8,2.9274,YES
bench_hot_cold,Ref_C11,9,2.9841,YES
bench_hot_cold,Ref_C11,10,2.5102,YES
bench_hot_cold,Native_O0,1,9.0431,YES
bench_hot_cold,Native_O0,2,9.5445,YES
bench_hot_cold,Native_O0,3,9.1145,YES
bench_hot_cold,Native_O0,4,8.9474,YES
bench_hot_cold,Native_O0,5,8.7308,YES
bench_hot_cold,Native_O0,6,9.0730,YES
bench_hot_cold,Native_O0,7,9.2727,YES
bench_hot_cold,Native_O0,8,9.2614,YES
bench_hot_cold,Native_O0,9,8.9208,YES
bench_hot_cold,Native_O0,10,8.9193,YES
bench_hot_cold,Native_O1,1,8.7977,YES
bench_hot_cold,Native_O1,2,8.9129,YES
bench_hot_cold,Native_O1,3,8.9308,YES
bench_hot_cold,Native_O1,4,8.8727,YES
bench_hot_cold,Native_O1,5,9.1201,YES
bench_hot_cold,Native_O1,6,9.2908,YES
bench_hot_cold,Native_O1,7,9.5181,YES
bench_hot_cold,Native_O1,8,9.2099,YES
bench_hot_cold,Native_O1,9,9.1937,YES
bench_hot_cold,Native_O1,10,8.8483,YES
bench_hot_cold,Native_O2,1,9.0132,YES
bench_hot_cold,Native_O2,2,8.9196,YES
bench_hot_cold,Native_O2,3,9.2075,YES
bench_hot_cold,Native_O2,4,9.1126,YES
bench_hot_cold,Native_O2,5,8.9794,YES
bench_hot_cold,Native_O2,6,9.6362,YES
bench_hot_cold,Native_O2,7,9.1445,YES
bench_hot_cold,Native_O2,8,8.9780,YES
bench_hot_cold,Native_O2,9,9.4641,YES
bench_hot_cold,Native_O2,10,8.5455,YES
bench_hot_cold,Native_PGO,1,9.0093,YES
bench_hot_cold,Native_PGO,2,8.9152,YES
bench_hot_cold,Native_PGO,3,9.1130,YES
bench_hot_cold,Native_PGO,4,8.7629,YES
bench_hot_cold,Native_PGO,5,9.5589,YES
bench_hot_cold,Native_PGO,6,9.0916,YES
bench_hot_cold,Native_PGO,7,9.0115,YES
bench_hot_cold,Native_PGO,8,9.0561,YES
bench_hot_cold,Native_PGO,9,8.9945,YES
bench_hot_cold,Native_PGO,10,8.9521,YES
bench_regpressure,Ref_C11,1,4.0885,YES
bench_regpressure,Ref_C11,2,4.4262,YES
bench_regpressure,Ref_C11,3,4.2028,YES
bench_regpressure,Ref_C11,4,4.0254,YES
bench_regpressure,Ref_C11,5,4.5774,YES
bench_regpressure,Ref_C11,6,4.2357,YES
bench_regpressure,Ref_C11,7,4.1055,YES
bench_regpressure,Ref_C11,8,4.6244,YES
bench_regpressure,Ref_C11,9,4.3075,YES
bench_regpressure,Ref_C11,10,3.9366,YES
bench_regpressure,Native_O0,1,11.0093,YES
bench_regpressure,Native_O0,2,11.9384,YES
bench_regpressure,Native_O0,3,11.4059,YES
bench_regpressure,Native_O0,4,10.4641,YES
bench_regpressure,Native_O0,5,11.0952,YES
bench_regpressure,Native_O0,6,10.6954,YES
bench_regpressure,Native_O0,7,10.7150,YES
bench_regpressure,Native_O0,8,11.0563,YES
bench_regpressure,Native_O0,9,10.7315,YES
bench_regpressure,Native_O0,10,11.1172,YES
bench_regpressure,Native_O1,1,9.1369,YES
bench_regpressure,Native_O1,2,9.4939,YES
bench_regpressure,Native_O1,3,9.2524,YES
bench_regpressure,Native_O1,4,8.9633,YES
bench_regpressure,Native_O1,5,8.8102,YES
bench_regpressure,Native_O1,6,9.0273,YES
bench_regpressure,Native_O1,7,8.9348,YES
bench_regpressure,Native_O1,8,9.1340,YES
bench_regpressure,Native_O1,9,9.3323,YES
bench_regpressure,Native_O1,10,8.8993,YES
bench_regpressure,Native_O2,1,8.7116,YES
bench_regpressure,Native_O2,2,9.0545,YES
bench_regpressure,Native_O2,3,9.0280,YES
bench_regpressure,Native_O2,4,8.9972,YES
bench_regpressure,Native_O2,5,9.0324,YES
bench_regpressure,Native_O2,6,8.9903,YES
bench_regpressure,Native_O2,7,9.3060,YES
bench_regpressure,Native_O2,8,9.7459,YES
bench_regpressure,Native_O2,9,9.0717,YES
bench_regpressure,Native_O2,10,8.9331,YES
bench_regpressure,Native_PGO,1,7.5238,YES
bench_regpressure,Native_PGO,2,8.5848,YES
bench_regpressure,Native_PGO,3,7.7103,YES
bench_regpressure,Native_PGO,4,8.2281,YES
bench_regpressure,Native_PGO,5,7.6302,YES
bench_regpressure,Native_PGO,6,8.1605,YES
bench_regpressure,Native_PGO,7,8.8007,YES
bench_regpressure,Native_PGO,8,7.8545,YES
bench_regpressure,Native_PGO,9,7.6580,YES
bench_regpressure,Native_PGO,10,8.0254,YES
bench_mixed_pressure,Ref_C11,1,2.8552,YES
bench_mixed_pressure,Ref_C11,2,3.0037,YES
bench_mixed_pressure,Ref_C11,3,3.2312,YES
bench_mixed_pressure,Ref_C11,4,2.8134,YES
bench_mixed_pressure,Ref_C11,5,3.0751,YES
bench_mixed_pressure,Ref_C11,6,3.0498,YES
bench_mixed_pressure,Ref_C11,7,3.0423,YES
bench_mixed_pressure,Ref_C11,8,3.2239,YES
bench_mixed_pressure,Ref_C11,9,3.1754,YES
bench_mixed_pressure,Ref_C11,10,3.6839,YES
bench_mixed_pressure,Native_O0,1,19.0679,YES
bench_mixed_pressure,Native_O0,2,9.3845,YES
bench_mixed_pressure,Native_O0,3,8.9584,YES
bench_mixed_pressure,Native_O0,4,8.9186,YES
bench_mixed_pressure,Native_O0,5,8.9440,YES
bench_mixed_pressure,Native_O0,6,8.8556,YES
bench_mixed_pressure,Native_O0,7,9.2300,YES
bench_mixed_pressure,Native_O0,8,9.2027,YES
bench_mixed_pressure,Native_O0,9,8.9437,YES
bench_mixed_pressure,Native_O0,10,8.8197,YES
bench_mixed_pressure,Native_O1,1,7.0613,YES
bench_mixed_pressure,Native_O1,2,7.3988,YES
bench_mixed_pressure,Native_O1,3,7.1265,YES
bench_mixed_pressure,Native_O1,4,7.4033,YES
bench_mixed_pressure,Native_O1,5,7.4269,YES
bench_mixed_pressure,Native_O1,6,7.3317,YES
bench_mixed_pressure,Native_O1,7,7.0393,YES
bench_mixed_pressure,Native_O1,8,7.2379,YES
bench_mixed_pressure,Native_O1,9,7.1090,YES
bench_mixed_pressure,Native_O1,10,7.3185,YES
bench_mixed_pressure,Native_O2,1,6.9930,YES
bench_mixed_pressure,Native_O2,2,7.2385,YES
bench_mixed_pressure,Native_O2,3,6.9270,YES
bench_mixed_pressure,Native_O2,4,7.4105,YES
bench_mixed_pressure,Native_O2,5,7.1107,YES
bench_mixed_pressure,Native_O2,6,7.8313,YES
bench_mixed_pressure,Native_O2,7,7.8537,YES
bench_mixed_pressure,Native_O2,8,7.7884,YES
bench_mixed_pressure,Native_O2,9,7.1920,YES
bench_mixed_pressure,Native_O2,10,6.8971,YES
bench_mixed_pressure,Native_PGO,1,7.1326,YES
bench_mixed_pressure,Native_PGO,2,7.2477,YES
bench_mixed_pressure,Native_PGO,3,7.4748,YES
bench_mixed_pressure,Native_PGO,4,7.4606,YES
bench_mixed_pressure,Native_PGO,5,6.9120,YES
bench_mixed_pressure,Native_PGO,6,7.1228,YES
bench_mixed_pressure,Native_PGO,7,7.7529,YES
bench_mixed_pressure,Native_PGO,8,7.3250,YES
bench_mixed_pressure,Native_PGO,9,6.9054,YES
bench_mixed_pressure,Native_PGO,10,7.1289,YES
bench_nested_call,Ref_C11,1,2.3869,YES
bench_nested_call,Ref_C11,2,2.6058,YES
bench_nested_call,Ref_C11,3,2.2111,YES
bench_nested_call,Ref_C11,4,2.0929,YES
bench_nested_call,Ref_C11,5,2.1268,YES
bench_nested_call,Ref_C11,6,2.5098,YES
bench_nested_call,Ref_C11,7,2.2038,YES
bench_nested_call,Ref_C11,8,2.1423,YES
bench_nested_call,Ref_C11,9,2.0597,YES
bench_nested_call,Ref_C11,10,2.0187,YES
bench_nested_call,Native_O0,1,18.3329,YES
bench_nested_call,Native_O0,2,20.9400,YES
bench_nested_call,Native_O0,3,18.7343,YES
bench_nested_call,Native_O0,4,18.5556,YES
bench_nested_call,Native_O0,5,18.5814,YES
bench_nested_call,Native_O0,6,18.2874,YES
bench_nested_call,Native_O0,7,18.9555,YES
bench_nested_call,Native_O0,8,18.5997,YES
bench_nested_call,Native_O0,9,18.4391,YES
bench_nested_call,Native_O0,10,18.6592,YES
bench_nested_call,Native_O1,1,18.5572,YES
bench_nested_call,Native_O1,2,18.2660,YES
bench_nested_call,Native_O1,3,18.6950,YES
bench_nested_call,Native_O1,4,18.6553,YES
bench_nested_call,Native_O1,5,18.7677,YES
bench_nested_call,Native_O1,6,19.0470,YES
bench_nested_call,Native_O1,7,18.9514,YES
bench_nested_call,Native_O1,8,18.7347,YES
bench_nested_call,Native_O1,9,18.7116,YES
bench_nested_call,Native_O1,10,18.7465,YES
bench_nested_call,Native_O2,1,6.5721,YES
bench_nested_call,Native_O2,2,6.6860,YES
bench_nested_call,Native_O2,3,6.8171,YES
bench_nested_call,Native_O2,4,7.0619,YES
bench_nested_call,Native_O2,5,6.9680,YES
bench_nested_call,Native_O2,6,6.8966,YES
bench_nested_call,Native_O2,7,6.9868,YES
bench_nested_call,Native_O2,8,6.9703,YES
bench_nested_call,Native_O2,9,6.9796,YES
bench_nested_call,Native_O2,10,7.1977,YES
bench_nested_call,Native_PGO,1,7.1570,YES
bench_nested_call,Native_PGO,2,7.1035,YES
bench_nested_call,Native_PGO,3,7.0825,YES
bench_nested_call,Native_PGO,4,7.5526,YES
bench_nested_call,Native_PGO,5,7.3061,YES
bench_nested_call,Native_PGO,6,6.8886,YES
bench_nested_call,Native_PGO,7,7.3206,YES
bench_nested_call,Native_PGO,8,7.8425,YES
bench_nested_call,Native_PGO,9,6.9701,YES
bench_nested_call,Native_PGO,10,7.0911,YES
