benchmark,ir_inst,x86_inst,int_ops,float_ops,branches,loads,stores,spills,reg_util
bench_arith,20,71,8,0,5,0,0,0,42.9%
bench_float,28,95,1,6,8,0,0,9,50.0%
bench_float_expr,39,194,3,5,10,0,0,21,50.0%
bench_loop,29,88,5,0,8,0,0,5,50.0%
bench_fib,12,89,3,0,1,0,0,1,39.3%
bench_call,29,96,4,0,13,0,0,0,50.0%
bench_branch,43,159,11,0,14,0,0,32,39.3%
bench_mandelbrot,114,276,6,10,18,0,0,66,50.0%
bench_hot_cold,45,144,13,0,14,0,0,10,50.0%
bench_regpressure,64,230,52,0,3,0,0,75,50.0%
bench_mixed_pressure,85,287,39,31,4,0,0,95,50.0%
bench_nested_call,80,230,40,0,33,0,0,18,50.0%
